uaf_sector;uaf_ruts_total;uaf_ruts_match_sii_pj;uaf_match_rate_sii_pj;sii_acteco;sii_glosa;support_uaf_sector;coverage_sector;coverage_wilson_low;uaf_code_purity;lift_vs_uaf;sii_ruts_with_code;uaf_registered_any_with_code;registered_rate_any_uaf;registered_rate_target_sector;universe_sii_not_uaf_with_code;manual_sector_prior;manual_sector_similarity;manual_code_prior;empirical_role;confidence;false_positive_risk;empirical_score;rank_sector
Administradoras de Mutuos Hipotecarios;14;14;1.0;649209;OTRAS ACTIVIDADES DE CONCESION DE CREDITO N.C.P.;1;0.071429;0.012722;0.02;10.3186;279;50;0.179211;0.003584;229;Administradoras de Mutuos Hipotecarios;1.0;SI;ACTIVIDAD_INCIDENTAL;BAJA;MEDIO;40.87;1
Administradoras de Mutuos Hipotecarios;14;14;1.0;661909;OTRAS ACTIVIDADES AUXILIARES DE LAS ACTIVIDADES DE SERVICIOS FINANCIEROS N.C.P.;7;0.5;0.267989;0.02682;13.8372;3592;261;0.072661;0.001949;3331;Administradoras de Mutuos Hipotecarios;1.0;NO;GATILLANTE_EMPIRICO_MEDIO;MEDIA_ALTA;MEDIO;32.46;2
Administradoras de Mutuos Hipotecarios;14;14;1.0;643000;FONDOS Y SOCIEDADES DE INVERSION Y ENTIDADES FINANCIERAS SIMILARES;8;0.571429;0.325903;0.008602;4.4381;104494;930;0.0089;7.7e-05;103564;Administradoras de Mutuos Hipotecarios;1.0;NO;GATILLANTE_EMPIRICO_MEDIO;MEDIA_ALTA;ALTO;28.92;3
Administradoras de Mutuos Hipotecarios;14;14;1.0;641990;OTROS TIPOS DE INTERMEDIACION MONETARIA N.C.P.;3;0.214286;0.075712;0.015464;7.9783;1146;194;0.169284;0.002618;952;Administradoras de Mutuos Hipotecarios;1.0;NO;ACTIVIDAD_COMPLEMENTARIA;MEDIA_BAJA;MEDIO;21.95;5
Administradoras de fondos de inversión;168;163;0.970238;663091;ADMINISTRADORAS DE FONDOS DE INVERSION;149;0.91411;0.861001;0.712919;31.5915;2028;209;0.103057;0.073471;1819;Administradoras de Fondos de Inversión;1.0;SI;GATILLANTE_EMPIRICO_ALTO;ALTA;MEDIO;89.44;1
Administradoras de fondos de inversión;168;163;0.970238;643000;FONDOS Y SOCIEDADES DE INVERSION Y ENTIDADES FINANCIERAS SIMILARES;61;0.374233;0.303641;0.065591;2.9065;104494;930;0.0089;0.000584;103564;Administradoras de Fondos de Inversión;1.0;NO;GATILLANTE_EMPIRICO_MEDIO;MEDIA_ALTA;ALTO;26.01;2
Administradoras de fondos de inversión;168;163;0.970238;663099;ADMINISTRADORAS DE FONDOS PARA OTROS FINES N.C.P.;6;0.03681;0.016977;0.285714;12.6608;330;21;0.063636;0.018182;309;Administradoras de Fondos de Inversión;1.0;NO;ACTIVIDAD_INCIDENTAL;BAJA;MEDIO;25.05;3
Administradoras de fondos de inversión;168;163;0.970238;661903;EMPRESAS DE ASESORIA Y CONSULTORIA EN INVERSION FINANCIERA, SOCIEDADES DE APOYO AL GIRO;25;0.153374;0.106096;0.096525;4.2773;29964;259;0.008644;0.000834;29705;Administradoras de Fondos de Inversión;1.0;NO;ACTIVIDAD_COMPLEMENTARIA;MEDIA_BAJA;ALTO;20.1;6
Administradoras de fondos de inversión;168;163;0.970238;702000;ACTIVIDADES DE CONSULTORIA DE GESTION;24;0.147239;0.100983;0.041237;1.8273;114467;582;0.005084;0.00021;113885;Administradoras de Fondos de Inversión;1.0;NO;ACTIVIDAD_COMPLEMENTARIA;MEDIA_BAJA;ALTO;13.83;8
Administradoras generales de fondos;57;56;0.982456;663091;ADMINISTRADORAS DE FONDOS DE INVERSION;50;0.892857;0.785313;0.239234;30.857;2028;209;0.103057;0.024655;1819;Administradoras Generales de Fondos;1.0;NO;GATILLANTE_EMPIRICO_ALTO;ALTA;MEDIO;58.93;1
Administradoras generales de fondos;57;56;0.982456;663099;ADMINISTRADORAS DE FONDOS PARA OTROS FINES N.C.P.;11;0.196429;0.113385;0.52381;67.5621;330;21;0.063636;0.033333;309;Administradoras Generales de Fondos;1.0;SI;GATILLANTE_NORMATIVO_CON_RESPALDO;MEDIA;MEDIO;52.96;2
Administradoras generales de fondos;57;56;0.982456;663092;ADMINISTRADORAS DE FONDOS MUTUOS;21;0.375;0.2601;1.0;128.9821;56;21;0.375;0.375;35;Administradoras Generales de Fondos;1.0;NO;GATILLANTE_EMPIRICO_MEDIO;MEDIA_ALTA;BAJO;46.7;3
Administradoras generales de fondos;57;56;0.982456;663093;ADMINISTRADORAS DE FICES (FONDOS DE INVERSION DE CAPITAL EXTRANJERO);7;0.125;0.06189;0.875;112.8594;237;8;0.033755;0.029536;229;Administradoras Generales de Fondos;1.0;NO;ACTIVIDAD_COMPLEMENTARIA;MEDIA_BAJA;MEDIO;35.91;4
Administradoras generales de fondos;57;56;0.982456;663094;ADMINISTRADORAS DE FONDOS PARA LA VIVIENDA;4;0.071429;0.028126;0.8;103.1857;59;5;0.084746;0.067797;54;Administradoras Generales de Fondos;1.0;NO;ACTIVIDAD_INCIDENTAL;BAJA;MEDIO;33.27;5
Administradoras generales de fondos;57;56;0.982456;661909;OTRAS ACTIVIDADES AUXILIARES DE LAS ACTIVIDADES DE SERVICIOS FINANCIEROS N.C.P.;12;0.214286;0.127058;0.045977;5.9302;3592;261;0.072661;0.003341;3331;Administradoras Generales de Fondos;1.0;NO;ACTIVIDAD_COMPLEMENTARIA;MEDIA_BAJA;MEDIO;22.55;8
Administradoras generales de fondos;57;56;0.982456;643000;FONDOS Y SOCIEDADES DE INVERSION Y ENTIDADES FINANCIERAS SIMILARES;19;0.339286;0.229198;0.02043;2.6351;104494;930;0.0089;0.000182;103564;Administradoras Generales de Fondos;1.0;NO;GATILLANTE_EMPIRICO_MEDIO;MEDIA_ALTA;ALTO;21.39;10
Administradores de Fondos de Pensiones (AFP);7;7;1.0;663010;ADMINISTRADORAS DE FONDOS DE PENSIONES (AFP);7;1.0;0.645661;0.875;902.875;10;8;0.8;0.7;2;Administradoras de Fondos de Pensiones;0.7763;SI;GATILLANTE_EMPIRICO_MEDIO;MEDIA_ALTA;BAJO;82.18;1
Agentes de valores;8;8;1.0;661203;AGENTES DE VALORES;7;0.875;0.529105;0.4375;395.0078;54;16;0.296296;0.12963;38;Agentes de Valores;1.0;SI;GATILLANTE_EMPIRICO_MEDIO;MEDIA_ALTA;BAJO;70.37;1
Agentes de valores;8;8;1.0;731001;SERVICIOS DE PUBLICIDAD PRESTADOS POR EMPRESAS;2;0.25;0.071478;0.025641;23.1506;41620;78;0.001874;4.8e-05;41542;Agentes de Valores;1.0;NO;ACTIVIDAD_COMPLEMENTARIA;MEDIA_BAJA;ALTO;23.6;3
Agentes de valores;8;8;1.0;829900;OTRAS ACTIVIDADES DE SERVICIOS DE APOYO A LAS EMPRESAS N.C.P.;2;0.25;0.071478;0.003922;3.5407;91110;510;0.005598;2.2e-05;90600;Agentes de Valores;1.0;NO;ACTIVIDAD_COMPLEMENTARIA;MEDIA_BAJA;ALTO;15.9;5
Armas: Personas que se Dediquen a la Venta de Armas;5;5;1.0;477392;VENTA AL POR MENOR DE ARMAS Y MUNICIONES EN COMERCIOS ESPECIALIZADOS;4;0.8;0.375528;0.666667;963.0667;80;6;0.075;0.05;74;Armas: Personas que se Dediquen a la Venta de Armas;1.0;SI;GATILLANTE_EMPIRICO_MEDIO;MEDIA_ALTA;MEDIO;66.9;1
Armas: Personas que se Dediquen a la Venta de Armas;5;5;1.0;476301;VENTA AL POR MENOR DE ARTICULOS DE CAZA Y PESCA EN COMERCIOS ESPECIALIZADOS;3;0.6;0.23072;0.272727;393.9818;1338;11;0.008221;0.002242;1327;Armas: Personas que se Dediquen a la Venta de Armas;1.0;NO;GATILLANTE_EMPIRICO_MEDIO;MEDIA_ALTA;ALTO;34.47;3
Armas: Personas que se Dediquen a la Venta de Armas;5;5;1.0;469000;VENTA AL POR MAYOR NO ESPECIALIZADA;2;0.4;0.117618;0.001503;2.1707;36831;1331;0.036138;5.4e-05;35500;Armas: Personas que se Dediquen a la Venta de Armas;1.0;NO;GATILLANTE_EMPIRICO_MEDIO;MEDIA_ALTA;MEDIO;14.94;9
Bancos;18;18;1.0;641910;ACTIVIDADES BANCARIAS;18;1.0;0.824115;0.857143;343.9524;59;21;0.355932;0.305085;38;Bancos;1.0;SI;GATILLANTE_EMPIRICO_ALTO;ALTA;BAJO;89.94;1
Bancos;18;18;1.0;641990;OTROS TIPOS DE INTERMEDIACION MONETARIA N.C.P.;3;0.166667;0.058365;0.015464;6.2053;1146;194;0.169284;0.002618;952;Bancos;1.0;NO;ACTIVIDAD_COMPLEMENTARIA;MEDIA_BAJA;MEDIO;19.33;3
Bolsas de productos;1;1;1.0;941100;ACTIVIDADES DE ASOCIACIONES EMPRESARIALES Y DE EMPLEADORES;1;1.0;0.206543;0.2;1444.6;2092;5;0.00239;0.000478;2087;Bolsas de Productos;1.0;NO;EVIDENCIA_LIMITADA_POR_MUESTRA;BAJA_MUESTRA;ALTO;32.29;1
Bolsas de productos;1;1;1.0;661909;OTRAS ACTIVIDADES AUXILIARES DE LAS ACTIVIDADES DE SERVICIOS FINANCIEROS N.C.P.;1;1.0;0.206543;0.003831;27.6743;3592;261;0.072661;0.000278;3331;Bolsas de Productos;1.0;NO;EVIDENCIA_LIMITADA_POR_MUESTRA;BAJA_MUESTRA;MEDIO;29.35;2
Bolsas de valores;2;2;1.0;661100;ADMINISTRACION DE MERCADOS FINANCIEROS;2;1.0;0.342372;0.090909;328.3182;362;22;0.060773;0.005525;340;Bolsas de Valores;1.0;SI;GATILLANTE_NORMATIVO_CON_RESPALDO;MEDIA;MEDIO;56.77;1
Bolsas de valores;2;2;1.0;941100;ACTIVIDADES DE ASOCIACIONES EMPRESARIALES Y DE EMPLEADORES;1;0.5;0.094529;0.2;722.3;2092;5;0.00239;0.000478;2087;Bolsas de Valores;1.0;NO;EVIDENCIA_LIMITADA_POR_MUESTRA;BAJA_MUESTRA;ALTO;27.25;2
Bolsas de valores;2;2;1.0;661909;OTRAS ACTIVIDADES AUXILIARES DE LAS ACTIVIDADES DE SERVICIOS FINANCIEROS N.C.P.;1;0.5;0.094529;0.003831;13.8372;3592;261;0.072661;0.000278;3331;Bolsas de Valores;1.0;NO;EVIDENCIA_LIMITADA_POR_MUESTRA;BAJA_MUESTRA;MEDIO;24.31;3
Cajas de Compensación;4;4;1.0;649203;CAJAS DE COMPENSACION;4;1.0;0.5101;1.0;1805.75;7;4;0.571429;0.571429;3;Cajas de Compensación;1.0;SI;GATILLANTE_NORMATIVO_CON_RESPALDO;MEDIA;BAJO;77.95;1
Cajas de Compensación;4;4;1.0;829900;OTRAS ACTIVIDADES DE SERVICIOS DE APOYO A LAS EMPRESAS N.C.P.;1;0.25;0.045586;0.001961;3.5407;91110;510;0.005598;1.1e-05;90600;Cajas de Compensación;1.0;NO;EVIDENCIA_LIMITADA_POR_MUESTRA;BAJA_MUESTRA;ALTO;14.7;2
Casas de cambio;346;243;0.702312;661204;ACTIVIDADES DE CASAS DE CAMBIO Y OPERADORES DE DIVISA;208;0.855967;0.806275;0.920354;27.3569;754;226;0.299735;0.275862;528;Casas de Cambio;1.0;SI;GATILLANTE_EMPIRICO_ALTO;ALTA;BAJO;90.09;1
Casas de cambio;346;243;0.702312;791100;ACTIVIDADES DE AGENCIAS DE VIAJES;27;0.111111;0.077493;0.45;13.3759;8169;60;0.007345;0.003305;8109;Casas de Cambio;1.0;NO;ACTIVIDAD_COMPLEMENTARIA;MEDIA_BAJA;ALTO;30.24;4
Casas de cambio;346;243;0.702312;661100;ADMINISTRACION DE MERCADOS FINANCIEROS;10;0.041152;0.022504;0.454545;13.511;362;22;0.060773;0.027624;340;Casas de Cambio;1.0;NO;ACTIVIDAD_INCIDENTAL;BAJA;MEDIO;27.83;5
Casas de remate y martillo;290;54;0.186207;461009;OTROS TIPOS DE CORRETAJES O REMATES AL POR MAYOR N.C.P.;25;0.462963;0.336897;0.5;66.8796;1932;50;0.02588;0.01294;1882;Casas de Remate y Martillo;1.0;SI;GATILLANTE_EMPIRICO_MEDIO;MEDIA_ALTA;ALTO;62.66;1
Casas de remate y martillo;290;54;0.186207;461002;CORRETAJE AL POR MAYOR DE GANADO;9;0.166667;0.090243;0.9;120.3833;1648;10;0.006068;0.005461;1638;Casas de Remate y Martillo;1.0;NO;ACTIVIDAD_COMPLEMENTARIA;MEDIA_BAJA;ALTO;37.56;2
Casas de remate y martillo;290;54;0.186207;829900;OTRAS ACTIVIDADES DE SERVICIOS DE APOYO A LAS EMPRESAS N.C.P.;24;0.444444;0.320023;0.047059;6.2946;91110;510;0.005598;0.000263;90600;Casas de Remate y Martillo;1.0;NO;GATILLANTE_EMPIRICO_MEDIO;MEDIA_ALTA;ALTO;31.68;4
Casas de remate y martillo;290;54;0.186207;477409;VENTA AL POR MENOR DE OTROS ARTICULOS DE SEGUNDA MANO EN COMERCIOS N.C.P.;4;0.074074;0.029181;0.333333;44.5864;2286;12;0.005249;0.00175;2274;Casas de Remate y Martillo;1.0;NO;ACTIVIDAD_INCIDENTAL;BAJA;ALTO;26.31;6
Casinos de Juego;25;25;1.0;920010;ACTIVIDADES DE CASINOS DE JUEGOS;25;1.0;0.866804;1.0;288.92;91;25;0.274725;0.274725;66;Casinos de Juego;1.0;SI;GATILLANTE_EMPIRICO_ALTO;ALTA;BAJO;94.01;1
Casinos de Juego;25;25;1.0;932909;OTRAS ACTIVIDADES DE ESPARCIMIENTO Y RECREATIVAS N.C.P.;4;0.16;0.064033;0.173913;50.247;19526;23;0.001178;0.000205;19503;Casinos de Juego;1.0;NO;ACTIVIDAD_COMPLEMENTARIA;MEDIA_BAJA;ALTO;25.49;3
Casinos de Juego;25;25;1.0;561000;ACTIVIDADES DE RESTAURANTES Y DE SERVICIO MOVIL DE COMIDAS;4;0.16;0.064033;0.076923;22.2246;79552;52;0.000654;5e-05;79500;Casinos de Juego;1.0;NO;ACTIVIDAD_COMPLEMENTARIA;MEDIA_BAJA;ALTO;24.04;4
Casinos flotantes de Juegos;1;1;1.0;522920;AGENCIAS DE NAVES;1;1.0;0.206543;0.25;1805.75;101;4;0.039604;0.009901;97;Casinos Flotantes de Juego;0.8477;NO;EVIDENCIA_LIMITADA_POR_MUESTRA;BAJA_MUESTRA;MEDIO;33.04;1
Casinos flotantes de Juegos;1;1;1.0;522190;ACTIVIDADES DE SERVICIOS VINCULADAS AL TRANSPORTE TERRESTRE N.C.P.;1;1.0;0.206543;0.012346;89.1728;22862;81;0.003543;4.4e-05;22781;Casinos Flotantes de Juego;0.8477;NO;EVIDENCIA_LIMITADA_POR_MUESTRA;BAJA_MUESTRA;ALTO;29.48;2
Clubes de Tiro;1;1;1.0;931209;ACTIVIDADES DE OTROS CLUBES DEPORTIVOS N.C.P.;1;1.0;0.206543;0.04;288.92;5513;25;0.004535;0.000181;5488;Clubes de Tiro;1.0;SI;EVIDENCIA_LIMITADA_POR_MUESTRA;BAJA_MUESTRA;ALTO;49.89;1
Clubes de Tiro;1;1;1.0;477392;VENTA AL POR MENOR DE ARMAS Y MUNICIONES EN COMERCIOS ESPECIALIZADOS;1;1.0;0.206543;0.166667;1203.8333;80;6;0.075;0.0125;74;Clubes de Tiro;1.0;NO;EVIDENCIA_LIMITADA_POR_MUESTRA;BAJA_MUESTRA;MEDIO;31.79;2
Comerciantes de Joyas y Piedras Preciosas;31;31;1.0;477394;VENTA AL POR MENOR DE ARTICULOS DE JOYERIA, BISUTERIA Y RELOJERIA EN COMERCIOS ESPECIALIZADOS;27;0.870968;0.711472;0.391304;91.1739;11133;69;0.006198;0.002425;11064;Comerciantes de Joyas y Piedras Preciosas;1.0;SI;GATILLANTE_EMPIRICO_ALTO;ALTA;ALTO;77.89;1
Comerciantes de Joyas y Piedras Preciosas;31;31;1.0;321100;FABRICACION DE JOYAS Y ARTICULOS CONEXOS;7;0.225806;0.11395;1.0;233.0;1676;7;0.004177;0.004177;1669;Comerciantes de Joyas y Piedras Preciosas;1.0;NO;ACTIVIDAD_COMPLEMENTARIA;MEDIA_BAJA;ALTO;40.13;2
Comerciantes de Joyas y Piedras Preciosas;31;31;1.0;479100;VENTA AL POR MENOR POR CORREO, POR INTERNET Y VIA TELEFONICA;14;0.451613;0.291615;0.08284;19.3018;78444;169;0.002154;0.000178;78275;Comerciantes de Joyas y Piedras Preciosas;1.0;NO;GATILLANTE_EMPIRICO_MEDIO;MEDIA_ALTA;ALTO;34.37;3
Comerciantes de Joyas y Piedras Preciosas;31;31;1.0;321200;FABRICACION DE BISUTERIA Y ARTICULOS CONEXOS;2;0.064516;0.017874;0.5;116.5;1180;4;0.00339;0.001695;1176;Comerciantes de Joyas y Piedras Preciosas;1.0;NO;ACTIVIDAD_INCIDENTAL;BAJA;ALTO;28.3;4
Comerciantes de Joyas y Piedras Preciosas;31;31;1.0;952900;REPARACION DE OTROS EFECTOS PERSONALES Y ENSERES DOMESTICOS;5;0.16129;0.070925;0.25;58.25;4326;20;0.004623;0.001156;4306;Comerciantes de Joyas y Piedras Preciosas;1.0;NO;ACTIVIDAD_COMPLEMENTARIA;MEDIA_BAJA;ALTO;26.94;6
Comerciantes de Joyas y Piedras Preciosas;31;31;1.0;464909;VENTA AL POR MAYOR DE OTROS ENSERES DOMESTICOS N.C.P.;1;0.032258;0.005717;0.002825;0.6582;9864;354;0.035888;0.000101;9510;Comerciantes de Joyas y Piedras Preciosas;1.0;SI;ACTIVIDAD_INCIDENTAL;BAJA;MEDIO;24.52;9
Comerciantes de Metales Preciosos;12;11;0.916667;466200;VENTA AL POR MAYOR DE METALES Y MINERALES METALIFEROS;8;0.727273;0.43435;0.380952;250.1472;2469;21;0.008505;0.00324;2448;Comerciantes de Metales Preciosos;1.0;SI;GATILLANTE_EMPIRICO_ALTO;ALTA;ALTO;65.26;1
Comerciantes de Metales Preciosos;12;11;0.916667;477394;VENTA AL POR MENOR DE ARTICULOS DE JOYERIA, BISUTERIA Y RELOJERIA EN COMERCIOS ESPECIALIZADOS;5;0.454545;0.21271;0.072464;47.5823;11133;69;0.006198;0.000449;11064;Comerciantes de Metales Preciosos;1.0;NO;GATILLANTE_EMPIRICO_MEDIO;MEDIA_ALTA;ALTO;30.66;3
Comerciantes de Metales Preciosos;12;11;0.916667;479100;VENTA AL POR MENOR POR CORREO, POR INTERNET Y VIA TELEFONICA;2;0.181818;0.051367;0.011834;7.7708;78444;169;0.002154;2.5e-05;78275;Comerciantes de Metales Preciosos;1.0;NO;ACTIVIDAD_COMPLEMENTARIA;MEDIA_BAJA;ALTO;20.6;7
Compañías de Seguro;65;65;1.0;651210;SEGUROS GENERALES, EXCEPTO ACTIVIDADES DE ISAPRES;37;0.569231;0.448328;0.948718;105.4245;280;39;0.139286;0.132143;241;Compañías de Seguros;0.8083;SI;GATILLANTE_EMPIRICO_MEDIO;MEDIA_ALTA;MEDIO;74.41;1
Compañías de Seguro;65;65;1.0;651100;SEGUROS DE VIDA;30;0.461538;0.345901;1.0;111.1231;175;30;0.171429;0.171429;145;Compañías de Seguros;0.8083;SI;GATILLANTE_EMPIRICO_MEDIO;MEDIA_ALTA;MEDIO;70.57;2
Compañías de Seguro;65;65;1.0;652000;REASEGUROS;6;0.092308;0.042995;1.0;111.1231;35;6;0.171429;0.171429;29;Compañías de Seguros;0.8083;NO;ACTIVIDAD_INCIDENTAL;BAJA;MEDIO;36.93;3
Conservadores;92;1;0.01087;691003;CONSERVADOR DE BIENES RAICES;1;1.0;0.206543;1.0;7223.0;4;1;0.25;0.25;3;Conservadores;1.0;SI;EVIDENCIA_LIMITADA_POR_MUESTRA;BAJA_MUESTRA;BAJO;64.29;1
Cooperativas (instituciones financieras);47;46;0.978723;641990;OTROS TIPOS DE INTERMEDIACION MONETARIA N.C.P.;20;0.434783;0.30209;0.103093;16.1878;1146;194;0.169284;0.017452;952;Instituciones Financieras;0.7492;SI;GATILLANTE_EMPIRICO_MEDIO;MEDIA_ALTA;MEDIO;55.14;1
Cooperativas (instituciones financieras);47;46;0.978723;649209;OTRAS ACTIVIDADES DE CONCESION DE CREDITO N.C.P.;10;0.217391;0.122608;0.2;31.4043;279;50;0.179211;0.035842;229;Instituciones Financieras;0.7492;SI;GATILLANTE_NORMATIVO_CON_RESPALDO;MEDIA;MEDIO;48.52;2
Cooperativas (instituciones financieras);47;46;0.978723;649201;FINANCIERAS;1;0.021739;0.003848;0.022727;3.5687;560;44;0.078571;0.001786;516;Instituciones Financieras;0.7492;SI;ACTIVIDAD_INCIDENTAL;BAJA;MEDIO;33.19;3
Cooperativas (instituciones financieras);47;46;0.978723;949909;ACTIVIDADES DE OTRAS ASOCIACIONES N.C.P.;10;0.217391;0.122608;0.454545;71.3735;27431;22;0.000802;0.000365;27409;Instituciones Financieras;0.7492;NO;ACTIVIDAD_COMPLEMENTARIA;MEDIA_BAJA;ALTO;32.34;4
Cooperativas (instituciones financieras);47;46;0.978723;649900;OTRAS ACTIVIDADES DE SERVICIOS FINANCIEROS, EXCEPTO LAS DE SEGUROS Y FONDOS DE PENSIONES N.C.P.;3;0.065217;0.022427;0.012931;2.0305;1979;232;0.117231;0.001516;1747;Instituciones Financieras;0.7492;SI;ACTIVIDAD_INCIDENTAL;BAJA;MEDIO;30.45;5
Cooperativas (instituciones financieras);47;46;0.978723;960909;OTRAS ACTIVIDADES DE SERVICIOS PERSONALES N.C.P.;5;0.108696;0.047331;0.066667;10.4681;24497;75;0.003062;0.000204;24422;Instituciones Financieras;0.7492;NO;ACTIVIDAD_COMPLEMENTARIA;MEDIA_BAJA;ALTO;23.13;8
Corredores de bolsa de valores;26;26;1.0;661202;CORREDORES DE BOLSA;25;0.961538;0.811068;0.78125;217.0373;92;32;0.347826;0.271739;60;Corredores de Bolsas de Valores;0.8493;SI;GATILLANTE_EMPIRICO_ALTO;ALTA;BAJO;88.22;1
Corredores de bolsa de valores;26;26;1.0;661203;AGENTES DE VALORES;4;0.153846;0.061499;0.25;69.4519;54;16;0.296296;0.074074;38;Corredores de Bolsas de Valores;0.8493;NO;ACTIVIDAD_COMPLEMENTARIA;MEDIA_BAJA;BAJO;26.52;2
Corredores de bolsa de valores;26;26;1.0;661903;EMPRESAS DE ASESORIA Y CONSULTORIA EN INVERSION FINANCIERA, SOCIEDADES DE APOYO AL GIRO;2;0.076923;0.021355;0.007722;2.1452;29964;259;0.008644;6.7e-05;29705;Corredores de Bolsas de Valores;0.8493;NO;ACTIVIDAD_INCIDENTAL;BAJA;ALTO;10.63;5
Corredores de bolsa de valores;26;26;1.0;702000;ACTIVIDADES DE CONSULTORIA DE GESTION;3;0.115385;0.040032;0.005155;1.432;114467;582;0.005084;2.6e-05;113885;Corredores de Bolsas de Valores;0.8493;NO;ACTIVIDAD_COMPLEMENTARIA;MEDIA_BAJA;ALTO;9.29;6
Corredores de bolsas de productos;7;7;1.0;661202;CORREDORES DE BOLSA;7;1.0;0.645661;0.21875;225.7188;92;32;0.347826;0.076087;60;Corredores de Bolsas de Productos;1.0;NO;GATILLANTE_EMPIRICO_MEDIO;MEDIA_ALTA;BAJO;52.34;1
Corredores de bolsas de productos;7;7;1.0;661209;OTROS SERVICIOS DE CORRETAJE DE VALORES Y COMMODITIES N.C.P.;1;0.142857;0.025679;0.017857;18.426;1517;56;0.036915;0.000659;1461;Corredores de Bolsas de Productos;1.0;SI;ACTIVIDAD_INCIDENTAL;BAJA;MEDIO;41.42;2
Corredores de bolsas de productos;7;7;1.0;661903;EMPRESAS DE ASESORIA Y CONSULTORIA EN INVERSION FINANCIERA, SOCIEDADES DE APOYO AL GIRO;2;0.285714;0.082217;0.007722;7.968;29964;259;0.008644;6.7e-05;29705;Corredores de Bolsas de Productos;1.0;NO;ACTIVIDAD_COMPLEMENTARIA;MEDIA_BAJA;ALTO;22.11;3
Corredores de bolsas de productos;7;7;1.0;661909;OTRAS ACTIVIDADES AUXILIARES DE LAS ACTIVIDADES DE SERVICIOS FINANCIEROS N.C.P.;2;0.285714;0.082217;0.007663;7.907;3592;261;0.072661;0.000557;3331;Corredores de Bolsas de Productos;1.0;NO;ACTIVIDAD_COMPLEMENTARIA;MEDIA_BAJA;MEDIO;22.05;4
Corredores de propiedades;1459;753;0.516107;682000;ACTIVIDADES INMOBILIARIAS REALIZADAS A CAMBIO DE UNA RETRIBUCION O POR CONTRATA;646;0.857902;0.831144;0.762692;7.316;25909;847;0.032691;0.024933;25062;Corredores de Propiedades;1.0;SI;GATILLANTE_EMPIRICO_ALTO;ALTA;MEDIO;86.51;1
Depósitos de Valores;1;1;1.0;661909;OTRAS ACTIVIDADES AUXILIARES DE LAS ACTIVIDADES DE SERVICIOS FINANCIEROS N.C.P.;1;1.0;0.206543;0.003831;27.6743;3592;261;0.072661;0.000278;3331;Bolsas de Valores;0.6669;NO;EVIDENCIA_LIMITADA_POR_MUESTRA;BAJA_MUESTRA;MEDIO;29.35;1
Emisoras de tarjetas de crédito;13;13;1.0;649201;FINANCIERAS;4;0.307692;0.126805;0.090909;50.5105;560;44;0.078571;0.007143;516;Cooperativas de Ahorro y Crédito;0.4921;SI;GATILLANTE_EMPIRICO_MEDIO;MEDIA_ALTA;MEDIO;47.07;1
Emisoras de tarjetas de crédito;13;13;1.0;641990;OTROS TIPOS DE INTERMEDIACION MONETARIA N.C.P.;1;0.076923;0.01371;0.005155;2.864;1146;194;0.169284;0.000873;952;Cooperativas de Ahorro y Crédito;0.4921;SI;ACTIVIDAD_INCIDENTAL;BAJA;MEDIO;31.97;2
Emisoras de tarjetas de crédito;13;13;1.0;661909;OTRAS ACTIVIDADES AUXILIARES DE LAS ACTIVIDADES DE SERVICIOS FINANCIEROS N.C.P.;5;0.384615;0.177094;0.019157;10.644;3592;261;0.072661;0.001392;3331;Cooperativas de Ahorro y Crédito;0.4921;NO;GATILLANTE_EMPIRICO_MEDIO;MEDIA_ALTA;MEDIO;28.26;3
Emisoras de tarjetas de crédito;13;13;1.0;661902;ADMINISTRACION DE TARJETAS DE CREDITO;2;0.153846;0.043257;0.181818;101.021;43;11;0.255814;0.046512;32;Cooperativas de Ahorro y Crédito;0.4921;NO;ACTIVIDAD_COMPLEMENTARIA;MEDIA_BAJA;BAJO;24.67;4
Emisoras de tarjetas de crédito;13;13;1.0;649209;OTRAS ACTIVIDADES DE CONCESION DE CREDITO N.C.P.;2;0.153846;0.043257;0.04;22.2246;279;50;0.179211;0.007168;229;Cooperativas de Ahorro y Crédito;0.4921;NO;ACTIVIDAD_COMPLEMENTARIA;MEDIA_BAJA;MEDIO;22.55;5
Emisoras de tarjetas de crédito;13;13;1.0;643000;FONDOS Y SOCIEDADES DE INVERSION Y ENTIDADES FINANCIERAS SIMILARES;4;0.307692;0.126805;0.004301;2.3897;104494;930;0.0089;3.8e-05;103564;Cooperativas de Ahorro y Crédito;0.4921;NO;GATILLANTE_EMPIRICO_MEDIO;MEDIA_ALTA;ALTO;15.95;6
Emisores de Tarjetas de Pago con provisión de fondos, o cualquier otro sistema similar a los referidos medios de pago;12;12;1.0;661902;ADMINISTRACION DE TARJETAS DE CREDITO;4;0.333333;0.138118;0.363636;218.8788;43;11;0.255814;0.093023;32;Emisoras u Operadoras de Tarjetas de Crédito, Tarjetas de Pago con provisión de fondos, o cualquier otro sistema similar a los referidos medios de pago;0.8316;SI;GATILLANTE_EMPIRICO_MEDIO;MEDIA_ALTA;BAJO;51.67;1
Emisores de Tarjetas de Pago con provisión de fondos, o cualquier otro sistema similar a los referidos medios de pago;12;12;1.0;649900;OTRAS ACTIVIDADES DE SERVICIOS FINANCIEROS, EXCEPTO LAS DE SEGUROS Y FONDOS DE PENSIONES N.C.P.;4;0.333333;0.138118;0.017241;10.3779;1979;232;0.117231;0.002021;1747;Emisoras u Operadoras de Tarjetas de Crédito, Tarjetas de Pago con provisión de fondos, o cualquier otro sistema similar a los referidos medios de pago;0.8316;SI;GATILLANTE_EMPIRICO_MEDIO;MEDIA_ALTA;MEDIO;46.47;2
Emisores de Tarjetas de Pago con provisión de fondos, o cualquier otro sistema similar a los referidos medios de pago;12;12;1.0;661909;OTRAS ACTIVIDADES AUXILIARES DE LAS ACTIVIDADES DE SERVICIOS FINANCIEROS N.C.P.;9;0.75;0.46769;0.034483;20.7557;3592;261;0.072661;0.002506;3331;Emisoras u Operadoras de Tarjetas de Crédito, Tarjetas de Pago con provisión de fondos, o cualquier otro sistema similar a los referidos medios de pago;0.8316;NO;GATILLANTE_EMPIRICO_ALTO;ALTA;MEDIO;41.56;3
Emisores de Tarjetas de Pago con provisión de fondos, o cualquier otro sistema similar a los referidos medios de pago;12;12;1.0;641990;OTROS TIPOS DE INTERMEDIACION MONETARIA N.C.P.;3;0.25;0.08894;0.015464;9.308;1146;194;0.169284;0.002618;952;Emisoras u Operadoras de Tarjetas de Crédito, Tarjetas de Pago con provisión de fondos, o cualquier otro sistema similar a los referidos medios de pago;0.8316;NO;ACTIVIDAD_COMPLEMENTARIA;MEDIA_BAJA;MEDIO;23.69;4
Emisores de Tarjetas de Pago con provisión de fondos, o cualquier otro sistema similar a los referidos medios de pago;12;12;1.0;829900;OTRAS ACTIVIDADES DE SERVICIOS DE APOYO A LAS EMPRESAS N.C.P.;4;0.333333;0.138118;0.007843;4.7209;91110;510;0.005598;4.4e-05;90600;Emisoras u Operadoras de Tarjetas de Crédito, Tarjetas de Pago con provisión de fondos, o cualquier otro sistema similar a los referidos medios de pago;0.8316;NO;GATILLANTE_EMPIRICO_MEDIO;MEDIA_ALTA;ALTO;20.88;5
Empresas de arrendamiento financiero (Leasing);64;62;0.96875;649100;LEASING FINANCIERO;48;0.774194;0.655941;0.470588;54.8235;463;102;0.220302;0.103672;361;Empresas de Arrendamiento Financiero (Leasing);1.0;SI;GATILLANTE_EMPIRICO_ALTO;ALTA;BAJO;76.58;1
Empresas de arrendamiento financiero (Leasing);64;62;0.96875;649202;ACTIVIDADES DE CREDITO PRENDARIO;5;0.080645;0.034938;0.357143;41.6071;57;14;0.245614;0.087719;43;Empresas de Arrendamiento Financiero (Leasing);1.0;NO;ACTIVIDAD_INCIDENTAL;BAJA;BAJO;26.93;3
Empresas de arrendamiento financiero (Leasing);64;62;0.96875;771000;ALQUILER DE VEHICULOS AUTOMOTORES SIN CHOFER;15;0.241935;0.152458;0.055351;6.4483;24863;271;0.0109;0.000603;24592;Empresas de Arrendamiento Financiero (Leasing);1.0;NO;ACTIVIDAD_COMPLEMENTARIA;MEDIA_BAJA;ALTO;24.44;4
Empresas de arrendamiento financiero (Leasing);64;62;0.96875;773009;ALQUILER DE OTROS TIPOS DE MAQUINARIAS Y EQUIPOS SIN OPERARIO N.C.P.;8;0.129032;0.066858;0.093023;10.8372;27937;86;0.003078;0.000286;27851;Empresas de Arrendamiento Financiero (Leasing);1.0;NO;ACTIVIDAD_COMPLEMENTARIA;MEDIA_BAJA;ALTO;24.4;5
Empresas de factoraje (Factoring);195;194;0.994872;649900;OTRAS ACTIVIDADES DE SERVICIOS FINANCIEROS, EXCEPTO LAS DE SEGUROS Y FONDOS DE PENSIONES N.C.P.;155;0.798969;0.737017;0.668103;24.8748;1979;232;0.117231;0.078322;1747;Empresas de Factoraje (Factoring);1.0;SI;GATILLANTE_EMPIRICO_ALTO;ALTA;MEDIO;83.19;1
Empresas de factoraje (Factoring);195;194;0.994872;649201;FINANCIERAS;10;0.051546;0.028236;0.227273;8.4618;560;44;0.078571;0.017857;516;Empresas de Factoraje (Factoring);1.0;SI;ACTIVIDAD_INCIDENTAL;BAJA;MEDIO;43.42;2
Empresas de factoraje (Factoring);195;194;0.994872;661909;OTRAS ACTIVIDADES AUXILIARES DE LAS ACTIVIDADES DE SERVICIOS FINANCIEROS N.C.P.;51;0.262887;0.205978;0.195402;7.2752;3592;261;0.072661;0.014198;3331;Empresas de Factoraje (Factoring);1.0;NO;ACTIVIDAD_COMPLEMENTARIA;MEDIA_BAJA;MEDIO;29.83;3
Empresas de factoraje (Factoring);195;194;0.994872;649100;LEASING FINANCIERO;30;0.154639;0.110519;0.294118;10.9506;463;102;0.220302;0.064795;361;Empresas de Factoraje (Factoring);1.0;NO;ACTIVIDAD_COMPLEMENTARIA;MEDIA_BAJA;BAJO;29.39;4
Empresas de factoraje (Factoring);195;194;0.994872;649209;OTRAS ACTIVIDADES DE CONCESION DE CREDITO N.C.P.;14;0.072165;0.04347;0.28;10.4249;279;50;0.179211;0.050179;229;Empresas de Factoraje (Factoring);1.0;NO;ACTIVIDAD_INCIDENTAL;BAJA;MEDIO;26.16;5
Empresas de factoraje (Factoring);195;194;0.994872;661903;EMPRESAS DE ASESORIA Y CONSULTORIA EN INVERSION FINANCIERA, SOCIEDADES DE APOYO AL GIRO;41;0.21134;0.15978;0.158301;5.8939;29964;259;0.008644;0.001368;29705;Empresas de Factoraje (Factoring);1.0;NO;ACTIVIDAD_COMPLEMENTARIA;MEDIA_BAJA;ALTO;25.67;6
Empresas de factoraje (Factoring);195;194;0.994872;643000;FONDOS Y SOCIEDADES DE INVERSION Y ENTIDADES FINANCIERAS SIMILARES;66;0.340206;0.277217;0.070968;2.6423;104494;930;0.0089;0.000632;103564;Empresas de Factoraje (Factoring);1.0;NO;GATILLANTE_EMPIRICO_MEDIO;MEDIA_ALTA;ALTO;24.32;7
Empresas de factoraje (Factoring);195;194;0.994872;829110;ACTIVIDADES DE AGENCIAS DE COBRO;8;0.041237;0.021041;0.235294;8.7605;1860;34;0.01828;0.004301;1826;Empresas de Factoraje (Factoring);1.0;NO;ACTIVIDAD_INCIDENTAL;BAJA;ALTO;23.48;8
Empresas de securitización;9;9;1.0;661201;ACTIVIDADES DE SECURITIZADORAS;4;0.444444;0.188775;1.0;802.5556;9;4;0.444444;0.444444;5;Empresas de Securitización;1.0;SI;GATILLANTE_EMPIRICO_MEDIO;MEDIA_ALTA;BAJO;63.49;1
Empresas de securitización;9;9;1.0;661909;OTRAS ACTIVIDADES AUXILIARES DE LAS ACTIVIDADES DE SERVICIOS FINANCIEROS N.C.P.;5;0.555556;0.266647;0.019157;15.3746;3592;261;0.072661;0.001392;3331;Empresas de Securitización;1.0;NO;GATILLANTE_EMPIRICO_MEDIO;MEDIA_ALTA;MEDIO;32.29;2
Empresas de transferencia de dinero;183;156;0.852459;641990;OTROS TIPOS DE INTERMEDIACION MONETARIA N.C.P.;101;0.647436;0.56974;0.520619;24.1053;1146;194;0.169284;0.088133;952;Empresas de Transferencia de Dinero;1.0;NO;GATILLANTE_EMPIRICO_ALTO;ALTA;MEDIO;53.45;1
Empresas de transferencia de dinero;183;156;0.852459;649900;OTRAS ACTIVIDADES DE SERVICIOS FINANCIEROS, EXCEPTO LAS DE SEGUROS Y FONDOS DE PENSIONES N.C.P.;18;0.115385;0.074244;0.077586;3.5923;1979;232;0.117231;0.009096;1747;Empresas de Transferencia de Dinero;1.0;SI;ACTIVIDAD_COMPLEMENTARIA;MEDIA_BAJA;MEDIO;37.22;2
Empresas de transferencia de dinero;183;156;0.852459;661204;ACTIVIDADES DE CASAS DE CAMBIO Y OPERADORES DE DIVISA;15;0.096154;0.059138;0.066372;3.0731;754;226;0.299735;0.019894;528;Empresas de Transferencia de Dinero;1.0;SI;ACTIVIDAD_INCIDENTAL;BAJA;BAJO;35.37;3
Empresas de transferencia de dinero;183;156;0.852459;531000;ACTIVIDADES POSTALES;5;0.032051;0.013766;0.625;28.9383;1378;8;0.005806;0.003628;1370;Empresas de Transferencia de Dinero;1.0;NO;ACTIVIDAD_INCIDENTAL;BAJA;ALTO;29.99;6
Empresas de transferencia de dinero;183;156;0.852459;661909;OTRAS ACTIVIDADES AUXILIARES DE LAS ACTIVIDADES DE SERVICIOS FINANCIEROS N.C.P.;41;0.262821;0.200045;0.157088;7.2734;3592;261;0.072661;0.011414;3331;Empresas de Transferencia de Dinero;1.0;NO;ACTIVIDAD_COMPLEMENTARIA;MEDIA_BAJA;MEDIO;28.98;7
Empresas de transferencia de dinero;183;156;0.852459;532000;ACTIVIDADES DE MENSAJERIA;9;0.057692;0.030645;0.5;23.1506;5167;18;0.003484;0.001742;5149;Empresas de Transferencia de Dinero;1.0;NO;ACTIVIDAD_INCIDENTAL;BAJA;ALTO;28.88;8
Empresas de transporte de valores;5;5;1.0;801002;SERVICIO DE TRANSPORTE DE VALORES EN VEHICULOS BLINDADOS;5;1.0;0.565509;1.0;1444.6;90;5;0.055556;0.055556;85;Empresas de Transporte de Valores;1.0;SI;GATILLANTE_EMPIRICO_MEDIO;MEDIA_ALTA;MEDIO;80.45;1
Empresas de transporte de valores;5;5;1.0;801001;SERVICIOS DE SEGURIDAD PRIVADA PRESTADOS POR EMPRESAS;4;0.8;0.375528;0.235294;339.9059;11733;17;0.001449;0.000341;11716;Empresas de Transporte de Valores;1.0;NO;GATILLANTE_EMPIRICO_MEDIO;MEDIA_ALTA;ALTO;40.43;2
Empresas de transporte de valores;5;5;1.0;492300;TRANSPORTE DE CARGA POR CARRETERA;4;0.8;0.375528;0.037037;53.5037;115447;108;0.000935;3.5e-05;115339;Empresas de Transporte de Valores;1.0;NO;GATILLANTE_EMPIRICO_MEDIO;MEDIA_ALTA;ALTO;37.45;3
Empresas de transporte de valores;5;5;1.0;829900;OTRAS ACTIVIDADES DE SERVICIOS DE APOYO A LAS EMPRESAS N.C.P.;3;0.6;0.23072;0.005882;8.4976;91110;510;0.005598;3.3e-05;90600;Empresas de Transporte de Valores;1.0;NO;GATILLANTE_EMPIRICO_MEDIO;MEDIA_ALTA;ALTO;29.25;5
Empresas dedicadas a la gestión inmobiliaria;2244;2156;0.960784;681012;COMPRA, VENTA Y ALQUILER (EXCEPTO AMOBLADOS) DE INMUEBLES;1926;0.893321;0.879583;0.779126;2.6102;95390;2472;0.025915;0.020191;92918;Empresas Dedicadas a la Gestión Inmobiliaria;1.0;SI;GATILLANTE_EMPIRICO_MEDIO;MEDIA_ALTA;ALTO;81.98;1
Empresas dedicadas a la gestión inmobiliaria;2244;2156;0.960784;681011;ALQUILER DE BIENES INMUEBLES AMOBLADOS O CON EQUIPOS Y MAQUINARIAS;653;0.302876;0.283844;0.742045;2.486;38784;880;0.02269;0.016837;37904;Empresas Dedicadas a la Gestión Inmobiliaria;1.0;NO;GATILLANTE_EMPIRICO_MEDIO;MEDIA_ALTA;ALTO;34.32;2
Empresas dedicadas a la gestión inmobiliaria;2244;2156;0.960784;410010;CONSTRUCCION DE EDIFICIOS PARA USO RESIDENCIAL;358;0.166048;0.150937;0.877451;2.9396;34097;408;0.011966;0.010499;33689;Empresas Dedicadas a la Gestión Inmobiliaria;1.0;NO;ACTIVIDAD_COMPLEMENTARIA;MEDIA_BAJA;ALTO;31.39;3
Empresas dedicadas a la gestión inmobiliaria;2244;2156;0.960784;682000;ACTIVIDADES INMOBILIARIAS REALIZADAS A CAMBIO DE UNA RETRIBUCION O POR CONTRATA;176;0.081633;0.070805;0.207792;0.6961;25909;847;0.032691;0.006793;25062;Empresas Dedicadas a la Gestión Inmobiliaria;1.0;SI;ACTIVIDAD_INCIDENTAL;BAJA;MEDIO;30.71;4
Empresas dedicadas a la gestión inmobiliaria;2244;2156;0.960784;643000;FONDOS Y SOCIEDADES DE INVERSION Y ENTIDADES FINANCIERAS SIMILARES;570;0.264378;0.246194;0.612903;2.0533;104494;930;0.0089;0.005455;103564;Empresas Dedicadas a la Gestión Inmobiliaria;1.0;NO;ACTIVIDAD_COMPLEMENTARIA;MEDIA_BAJA;ALTO;29.58;5
Fintec: Otros fiscalizados por la Comisión para el Mercado Financiero (CMF);5;5;1.0;620900;OTRAS ACTIVIDADES DE TECNOLOGIA DE LA INFORMACION Y DE SERVICIOS INFORMATICOS;2;0.4;0.117618;0.047619;68.7905;21160;42;0.001985;9.5e-05;21118;Fintec: Otros fiscalizados por CMF;0.5677;NO;GATILLANTE_EMPIRICO_MEDIO;MEDIA_ALTA;ALTO;26.01;1
Fintec: Otros fiscalizados por la Comisión para el Mercado Financiero (CMF);5;5;1.0;663091;ADMINISTRADORAS DE FONDOS DE INVERSION;2;0.4;0.117618;0.009569;13.8239;2028;209;0.103057;0.000986;1819;Fintec: Otros fiscalizados por CMF;0.5677;NO;GATILLANTE_EMPIRICO_MEDIO;MEDIA_ALTA;MEDIO;25.44;2
Fintec: Otros fiscalizados por la Comisión para el Mercado Financiero (CMF);5;5;1.0;661903;EMPRESAS DE ASESORIA Y CONSULTORIA EN INVERSION FINANCIERA, SOCIEDADES DE APOYO AL GIRO;2;0.4;0.117618;0.007722;11.1552;29964;259;0.008644;6.7e-05;29705;Fintec: Otros fiscalizados por CMF;0.5677;NO;GATILLANTE_EMPIRICO_MEDIO;MEDIA_ALTA;ALTO;25.41;3
Fintec: Otros fiscalizados por la Comisión para el Mercado Financiero (CMF);5;5;1.0;661909;OTRAS ACTIVIDADES AUXILIARES DE LAS ACTIVIDADES DE SERVICIOS FINANCIEROS N.C.P.;2;0.4;0.117618;0.007663;11.0697;3592;261;0.072661;0.000557;3331;Fintec: Otros fiscalizados por CMF;0.5677;NO;GATILLANTE_EMPIRICO_MEDIO;MEDIA_ALTA;MEDIO;25.41;4
Fintec: Prestadores del servicio de Custodia de Instrumentos Financieros;1;1;1.0;661909;OTRAS ACTIVIDADES AUXILIARES DE LAS ACTIVIDADES DE SERVICIOS FINANCIEROS N.C.P.;1;1.0;0.206543;0.003831;27.6743;3592;261;0.072661;0.000278;3331;Fintec: Custodia de Instrumentos Financieros;0.7091;SI;EVIDENCIA_LIMITADA_POR_MUESTRA;BAJA_MUESTRA;MEDIO;49.35;1
Fintec: Prestadores del servicio de Custodia de Instrumentos Financieros;1;1;1.0;641990;OTROS TIPOS DE INTERMEDIACION MONETARIA N.C.P.;1;1.0;0.206543;0.005155;37.232;1146;194;0.169284;0.000873;952;Fintec: Custodia de Instrumentos Financieros;0.7091;NO;EVIDENCIA_LIMITADA_POR_MUESTRA;BAJA_MUESTRA;MEDIO;29.37;2
Fintec: Prestadores del servicio de Custodia de Instrumentos Financieros;1;1;1.0;643000;FONDOS Y SOCIEDADES DE INVERSION Y ENTIDADES FINANCIERAS SIMILARES;1;1.0;0.206543;0.001075;7.7667;104494;930;0.0089;1e-05;103564;Fintec: Custodia de Instrumentos Financieros;0.7091;NO;EVIDENCIA_LIMITADA_POR_MUESTRA;BAJA_MUESTRA;ALTO;27.42;3
Fintec: Prestadores del servicio de Intermediación de Instrumentos Financieros;4;4;1.0;620900;OTRAS ACTIVIDADES DE TECNOLOGIA DE LA INFORMACION Y DE SERVICIOS INFORMATICOS;2;0.5;0.150036;0.047619;85.9881;21160;42;0.001985;9.5e-05;21118;Fintec: Intermediación de Instrumentos Financieros;0.7243;NO;EVIDENCIA_LIMITADA_POR_MUESTRA;BAJA_MUESTRA;ALTO;27.47;1
Fintec: Prestadores del servicio de Intermediación de Instrumentos Financieros;4;4;1.0;641990;OTROS TIPOS DE INTERMEDIACION MONETARIA N.C.P.;2;0.5;0.150036;0.010309;18.616;1146;194;0.169284;0.001745;952;Fintec: Intermediación de Instrumentos Financieros;0.7243;NO;EVIDENCIA_LIMITADA_POR_MUESTRA;BAJA_MUESTRA;MEDIO;26.91;2
Fintec: Prestadores del servicio de Intermediación de Instrumentos Financieros;4;4;1.0;661100;ADMINISTRACION DE MERCADOS FINANCIEROS;1;0.25;0.045586;0.045455;82.0795;362;22;0.060773;0.002762;340;Fintec: Intermediación de Instrumentos Financieros;0.7243;NO;EVIDENCIA_LIMITADA_POR_MUESTRA;BAJA_MUESTRA;MEDIO;22.73;3
Fintec: Prestadores del servicio de Intermediación de Instrumentos Financieros;4;4;1.0;620200;ACTIVIDADES DE CONSULTORIA DE INFORMATICA Y DE GESTION DE INSTALACIONES INFORMATICAS;1;0.25;0.045586;0.015625;28.2148;36765;64;0.001741;2.7e-05;36701;Fintec: Intermediación de Instrumentos Financieros;0.7243;NO;EVIDENCIA_LIMITADA_POR_MUESTRA;BAJA_MUESTRA;ALTO;22.29;4
Fintec: Prestadores del servicio de Intermediación de Instrumentos Financieros;4;4;1.0;661204;ACTIVIDADES DE CASAS DE CAMBIO Y OPERADORES DE DIVISA;1;0.25;0.045586;0.004425;7.99;754;226;0.299735;0.001326;528;Fintec: Intermediación de Instrumentos Financieros;0.7243;NO;EVIDENCIA_LIMITADA_POR_MUESTRA;BAJA_MUESTRA;BAJO;20.43;5
Fintec: Prestadores del servicio de Intermediación de Instrumentos Financieros;4;4;1.0;661903;EMPRESAS DE ASESORIA Y CONSULTORIA EN INVERSION FINANCIERA, SOCIEDADES DE APOYO AL GIRO;1;0.25;0.045586;0.003861;6.972;29964;259;0.008644;3.3e-05;29705;Fintec: Intermediación de Instrumentos Financieros;0.7243;NO;EVIDENCIA_LIMITADA_POR_MUESTRA;BAJA_MUESTRA;ALTO;19.42;6
Fintec: Prestadores del servicio de Sistemas Alternativos de Transacción;2;2;1.0;661909;OTRAS ACTIVIDADES AUXILIARES DE LAS ACTIVIDADES DE SERVICIOS FINANCIEROS N.C.P.;1;0.5;0.094529;0.003831;13.8372;3592;261;0.072661;0.000278;3331;Fintec: Sistemas Alternativos de Transacción;0.7091;SI;EVIDENCIA_LIMITADA_POR_MUESTRA;BAJA_MUESTRA;MEDIO;44.31;1
Fintec: Prestadores del servicio de Sistemas Alternativos de Transacción;2;2;1.0;649900;OTRAS ACTIVIDADES DE SERVICIOS FINANCIEROS, EXCEPTO LAS DE SEGUROS Y FONDOS DE PENSIONES N.C.P.;2;1.0;0.342372;0.008621;31.1336;1979;232;0.117231;0.001011;1747;Fintec: Sistemas Alternativos de Transacción;0.7091;NO;EVIDENCIA_LIMITADA_POR_MUESTRA;BAJA_MUESTRA;MEDIO;35.54;2
Fintec: Prestadores del servicio de Sistemas Alternativos de Transacción;2;2;1.0;620900;OTRAS ACTIVIDADES DE TECNOLOGIA DE LA INFORMACION Y DE SERVICIOS INFORMATICOS;1;0.5;0.094529;0.02381;85.9881;21160;42;0.001985;4.7e-05;21118;Fintec: Sistemas Alternativos de Transacción;0.7091;NO;EVIDENCIA_LIMITADA_POR_MUESTRA;BAJA_MUESTRA;ALTO;24.61;3
Fintec: Prestadores del servicio de Sistemas Alternativos de Transacción;2;2;1.0;620200;ACTIVIDADES DE CONSULTORIA DE INFORMATICA Y DE GESTION DE INSTALACIONES INFORMATICAS;1;0.5;0.094529;0.015625;56.4297;36765;64;0.001741;2.7e-05;36701;Fintec: Sistemas Alternativos de Transacción;0.7091;NO;EVIDENCIA_LIMITADA_POR_MUESTRA;BAJA_MUESTRA;ALTO;24.49;4
Fintec: Prestadores del servicio de Sistemas Alternativos de Transacción;2;2;1.0;643000;FONDOS Y SOCIEDADES DE INVERSION Y ENTIDADES FINANCIERAS SIMILARES;1;0.5;0.094529;0.001075;3.8833;104494;930;0.0089;1e-05;103564;Fintec: Sistemas Alternativos de Transacción;0.7091;NO;EVIDENCIA_LIMITADA_POR_MUESTRA;BAJA_MUESTRA;ALTO;17.5;5
Hipódromos;6;6;1.0;931101;HIPODROMOS;6;1.0;0.609657;1.0;1203.8333;12;6;0.5;0.5;6;Hipódromos;1.0;SI;GATILLANTE_EMPIRICO_MEDIO;MEDIA_ALTA;BAJO;82.43;1
Hipódromos;6;6;1.0;920090;OTRAS ACTIVIDADES DE JUEGOS DE AZAR Y APUESTAS N.C.P.;2;0.333333;0.096769;0.666667;802.5556;660;3;0.004545;0.00303;657;Hipódromos;1.0;NO;GATILLANTE_EMPIRICO_MEDIO;MEDIA_ALTA;ALTO;34.35;2
Hipódromos;6;6;1.0;561000;ACTIVIDADES DE RESTAURANTES Y DE SERVICIO MOVIL DE COMIDAS;2;0.333333;0.096769;0.038462;46.3013;79552;52;0.000654;2.5e-05;79500;Hipódromos;1.0;NO;GATILLANTE_EMPIRICO_MEDIO;MEDIA_ALTA;ALTO;24.93;5
Hipódromos;6;6;1.0;681011;ALQUILER DE BIENES INMUEBLES AMOBLADOS O CON EQUIPOS Y MAQUINARIAS;3;0.5;0.187613;0.003409;4.104;38784;880;0.02269;7.7e-05;37904;Hipódromos;1.0;NO;GATILLANTE_EMPIRICO_MEDIO;MEDIA_ALTA;ALTO;22.09;6
Institución Financiera;54;54;1.0;649900;OTRAS ACTIVIDADES DE SERVICIOS FINANCIEROS, EXCEPTO LAS DE SEGUROS Y FONDOS DE PENSIONES N.C.P.;23;0.425926;0.303316;0.099138;13.2606;1979;232;0.117231;0.011622;1747;Instituciones Financieras;0.6085;SI;GATILLANTE_EMPIRICO_MEDIO;MEDIA_ALTA;MEDIO;55.14;1
Institución Financiera;54;54;1.0;649201;FINANCIERAS;15;0.277778;0.176167;0.340909;45.5997;560;44;0.078571;0.026786;516;Instituciones Financieras;0.6085;SI;GATILLANTE_NORMATIVO_CON_RESPALDO;MEDIA;MEDIO;53.04;2
Institución Financiera;54;54;1.0;649209;OTRAS ACTIVIDADES DE CONCESION DE CREDITO N.C.P.;13;0.240741;0.146442;0.26;34.7774;279;50;0.179211;0.046595;229;Instituciones Financieras;0.6085;SI;GATILLANTE_NORMATIVO_CON_RESPALDO;MEDIA;MEDIO;50.49;3
Institución Financiera;54;54;1.0;649202;ACTIVIDADES DE CREDITO PRENDARIO;3;0.055556;0.019073;0.214286;28.6627;57;14;0.245614;0.052632;43;Instituciones Financieras;0.6085;SI;ACTIVIDAD_INCIDENTAL;BAJA;BAJO;44.07;4
Institución Financiera;54;54;1.0;641990;OTROS TIPOS DE INTERMEDIACION MONETARIA N.C.P.;6;0.111111;0.05193;0.030928;4.1369;1146;194;0.169284;0.005236;952;Instituciones Financieras;0.6085;SI;ACTIVIDAD_COMPLEMENTARIA;MEDIA_BAJA;MEDIO;36.45;5
Institución Financiera;54;54;1.0;649100;LEASING FINANCIERO;13;0.240741;0.146442;0.127451;17.0477;463;102;0.220302;0.028078;361;Instituciones Financieras;0.6085;NO;ACTIVIDAD_COMPLEMENTARIA;MEDIA_BAJA;BAJO;28.5;6
Institución Financiera;54;54;1.0;661909;OTRAS ACTIVIDADES AUXILIARES DE LAS ACTIVIDADES DE SERVICIOS FINANCIEROS N.C.P.;16;0.296296;0.191373;0.061303;8.1998;3592;261;0.072661;0.004454;3331;Instituciones Financieras;0.6085;NO;ACTIVIDAD_COMPLEMENTARIA;MEDIA_BAJA;MEDIO;28.04;7
Institución Financiera;54;54;1.0;661903;EMPRESAS DE ASESORIA Y CONSULTORIA EN INVERSION FINANCIERA, SOCIEDADES DE APOYO AL GIRO;14;0.259259;0.161185;0.054054;7.2302;29964;259;0.008644;0.000467;29705;Instituciones Financieras;0.6085;NO;ACTIVIDAD_COMPLEMENTARIA;MEDIA_BAJA;ALTO;25.64;8
Operadoras de tarjetas de crédito;15;15;1.0;661909;OTRAS ACTIVIDADES AUXILIARES DE LAS ACTIVIDADES DE SERVICIOS FINANCIEROS N.C.P.;8;0.533333;0.301166;0.030651;14.7596;3592;261;0.072661;0.002227;3331;Cooperativas de Ahorro y Crédito;0.54;NO;GATILLANTE_EMPIRICO_MEDIO;MEDIA_ALTA;MEDIO;34.01;2
Operadoras de tarjetas de crédito;15;15;1.0;661902;ADMINISTRACION DE TARJETAS DE CREDITO;4;0.266667;0.108973;0.363636;175.103;43;11;0.255814;0.093023;32;Cooperativas de Ahorro y Crédito;0.54;NO;ACTIVIDAD_COMPLEMENTARIA;MEDIA_BAJA;BAJO;30.36;3
Operadoras de tarjetas de crédito;15;15;1.0;619090;OTRAS ACTIVIDADES DE TELECOMUNICACIONES N.C.P.;2;0.133333;0.03736;0.095238;45.8603;12117;21;0.001733;0.000165;12096;Cooperativas de Ahorro y Crédito;0.54;NO;ACTIVIDAD_COMPLEMENTARIA;MEDIA_BAJA;ALTO;23.11;4
Operadoras de tarjetas de crédito;15;15;1.0;620200;ACTIVIDADES DE CONSULTORIA DE INFORMATICA Y DE GESTION DE INSTALACIONES INFORMATICAS;2;0.133333;0.03736;0.03125;15.0479;36765;64;0.001741;5.4e-05;36701;Cooperativas de Ahorro y Crédito;0.54;NO;ACTIVIDAD_COMPLEMENTARIA;MEDIA_BAJA;ALTO;22.15;5
Operadoras de tarjetas de crédito;15;15;1.0;829900;OTRAS ACTIVIDADES DE SERVICIOS DE APOYO A LAS EMPRESAS N.C.P.;5;0.333333;0.151761;0.009804;4.7209;91110;510;0.005598;5.5e-05;90600;Cooperativas de Ahorro y Crédito;0.54;NO;GATILLANTE_EMPIRICO_MEDIO;MEDIA_ALTA;ALTO;21.52;6
Operadores de Tarjetas de Pago con provisión de fondos, o cualquier otro sistema similar a los referidos medios de pago;3;3;1.0;649900;OTRAS ACTIVIDADES DE SERVICIOS FINANCIEROS, EXCEPTO LAS DE SEGUROS Y FONDOS DE PENSIONES N.C.P.;2;0.666667;0.207655;0.008621;20.7557;1979;232;0.117231;0.001011;1747;Emisoras u Operadoras de Tarjetas de Crédito, Tarjetas de Pago con provisión de fondos, o cualquier otro sistema similar a los referidos medios de pago;0.8322;SI;GATILLANTE_NORMATIVO_CON_RESPALDO;MEDIA;MEDIO;49.47;1
Operadores de Tarjetas de Pago con provisión de fondos, o cualquier otro sistema similar a los referidos medios de pago;3;3;1.0;661909;OTRAS ACTIVIDADES AUXILIARES DE LAS ACTIVIDADES DE SERVICIOS FINANCIEROS N.C.P.;2;0.666667;0.207655;0.007663;18.4496;3592;261;0.072661;0.000557;3331;Emisoras u Operadoras de Tarjetas de Crédito, Tarjetas de Pago con provisión de fondos, o cualquier otro sistema similar a los referidos medios de pago;0.8322;NO;EVIDENCIA_LIMITADA_POR_MUESTRA;BAJA_MUESTRA;MEDIO;29.46;2
Operadores de Tarjetas de Pago con provisión de fondos, o cualquier otro sistema similar a los referidos medios de pago;3;3;1.0;631100;PROCESAMIENTO DE DATOS, HOSPEDAJE Y ACTIVIDADES CONEXAS;1;0.333333;0.06149;0.045455;109.4394;8505;22;0.002587;0.000118;8483;Emisoras u Operadoras de Tarjetas de Crédito, Tarjetas de Pago con provisión de fondos, o cualquier otro sistema similar a los referidos medios de pago;0.8322;NO;EVIDENCIA_LIMITADA_POR_MUESTRA;BAJA_MUESTRA;ALTO;23.45;3
Operadores de Tarjetas de Pago con provisión de fondos, o cualquier otro sistema similar a los referidos medios de pago;3;3;1.0;465100;VENTA AL POR MAYOR DE COMPUTADORES, EQUIPO PERIFERICO Y PROGRAMAS INFORMATICOS;1;0.333333;0.06149;0.03125;75.2396;3601;32;0.008886;0.000278;3569;Emisoras u Operadoras de Tarjetas de Crédito, Tarjetas de Pago con provisión de fondos, o cualquier otro sistema similar a los referidos medios de pago;0.8322;NO;EVIDENCIA_LIMITADA_POR_MUESTRA;BAJA_MUESTRA;ALTO;23.24;4
Operadores de Tarjetas de Pago con provisión de fondos, o cualquier otro sistema similar a los referidos medios de pago;3;3;1.0;829110;ACTIVIDADES DE AGENCIAS DE COBRO;1;0.333333;0.06149;0.029412;70.8137;1860;34;0.01828;0.000538;1826;Emisoras u Operadoras de Tarjetas de Crédito, Tarjetas de Pago con provisión de fondos, o cualquier otro sistema similar a los referidos medios de pago;0.8322;NO;EVIDENCIA_LIMITADA_POR_MUESTRA;BAJA_MUESTRA;ALTO;23.21;5
Operadores de Tarjetas de Pago con provisión de fondos, o cualquier otro sistema similar a los referidos medios de pago;3;3;1.0;474100;VENTA AL POR MENOR DE COMPUTADORES, EQUIPO PERIFERICO, PROGRAMAS INFORMATICOS Y EQUIPO DE TELECOM.;1;0.333333;0.06149;0.017241;41.5115;19435;58;0.002984;5.1e-05;19377;Emisoras u Operadoras de Tarjetas de Crédito, Tarjetas de Pago con provisión de fondos, o cualquier otro sistema similar a los referidos medios de pago;0.8322;NO;EVIDENCIA_LIMITADA_POR_MUESTRA;BAJA_MUESTRA;ALTO;23.03;6
Operadores de Tarjetas de Pago con provisión de fondos, o cualquier otro sistema similar a los referidos medios de pago;3;3;1.0;479100;VENTA AL POR MENOR POR CORREO, POR INTERNET Y VIA TELEFONICA;1;0.333333;0.06149;0.005917;14.2465;78444;169;0.002154;1.3e-05;78275;Emisoras u Operadoras de Tarjetas de Crédito, Tarjetas de Pago con provisión de fondos, o cualquier otro sistema similar a los referidos medios de pago;0.8322;NO;EVIDENCIA_LIMITADA_POR_MUESTRA;BAJA_MUESTRA;ALTO;22.86;7
Operadores de mercados de futuro y de opciones;1;1;1.0;661909;OTRAS ACTIVIDADES AUXILIARES DE LAS ACTIVIDADES DE SERVICIOS FINANCIEROS N.C.P.;1;1.0;0.206543;0.003831;27.6743;3592;261;0.072661;0.000278;3331;Operadores de Mercados de Futuro y de Opciones;1.0;NO;EVIDENCIA_LIMITADA_POR_MUESTRA;BAJA_MUESTRA;MEDIO;29.35;1
Operadores de mercados de futuro y de opciones;1;1;1.0;451001;VENTA AL POR MAYOR DE VEHICULOS AUTOMOTORES;1;1.0;0.206543;0.002326;16.7977;2144;430;0.20056;0.000466;1714;Operadores de Mercados de Futuro y de Opciones;1.0;NO;EVIDENCIA_LIMITADA_POR_MUESTRA;BAJA_MUESTRA;BAJO;29.33;2
Operadores de mercados de futuro y de opciones;1;1;1.0;451002;VENTA AL POR MENOR DE VEHICULOS AUTOMOTORES NUEVOS O USADOS (INCLUYE COMPRAVENTA);1;1.0;0.206543;0.001311;9.4666;12130;763;0.062902;8.2e-05;11367;Operadores de Mercados de Futuro y de Opciones;1.0;NO;EVIDENCIA_LIMITADA_POR_MUESTRA;BAJA_MUESTRA;MEDIO;28.9;3
Organizaciones Deportivas Profesionales;30;30;1.0;931209;ACTIVIDADES DE OTROS CLUBES DEPORTIVOS N.C.P.;24;0.8;0.62694;0.96;231.136;5513;25;0.004535;0.004353;5488;Organizaciones Deportivas Profesionales regidas por Ley 20.019;0.6332;SI;GATILLANTE_EMPIRICO_ALTO;ALTA;ALTO;82.61;1
Organizaciones Deportivas Profesionales;30;30;1.0;931201;ACTIVIDADES DE CLUBES DE FUTBOL AMATEUR Y PROFESIONAL;20;0.666667;0.487797;1.0;240.7667;743;20;0.026918;0.026918;723;Organizaciones Deportivas Profesionales regidas por Ley 20.019;0.6332;SI;GATILLANTE_EMPIRICO_ALTO;ALTA;ALTO;76.95;2
Organizaciones Deportivas Profesionales;30;30;1.0;931901;PROMOCION Y ORGANIZACION DE COMPETENCIAS DEPORTIVAS;8;0.266667;0.141825;0.8;192.6133;4580;10;0.002183;0.001747;4570;Organizaciones Deportivas Profesionales regidas por Ley 20.019;0.6332;SI;GATILLANTE_NORMATIVO_CON_RESPALDO;MEDIA;ALTO;58.38;3
Organizaciones Deportivas Profesionales;30;30;1.0;931909;OTRAS ACTIVIDADES DEPORTIVAS N.C.P.;7;0.233333;0.117922;0.7;168.5367;8786;10;0.001138;0.000797;8776;Organizaciones Deportivas Profesionales regidas por Ley 20.019;0.6332;NO;ACTIVIDAD_COMPLEMENTARIA;MEDIA_BAJA;ALTO;35.81;4
Organizaciones Deportivas Profesionales;30;30;1.0;731001;SERVICIOS DE PUBLICIDAD PRESTADOS POR EMPRESAS;12;0.4;0.245904;0.153846;37.041;41620;78;0.001874;0.000288;41542;Organizaciones Deportivas Profesionales regidas por Ley 20.019;0.6332;NO;GATILLANTE_EMPIRICO_MEDIO;MEDIA_ALTA;ALTO;33.37;6
Organizaciones Deportivas Profesionales;30;30;1.0;931109;GESTION DE OTRAS INSTALACIONES DEPORTIVAS N.C.P.;4;0.133333;0.053096;0.5;120.3833;3160;8;0.002532;0.001266;3152;Organizaciones Deportivas Profesionales regidas por Ley 20.019;0.6332;NO;ACTIVIDAD_COMPLEMENTARIA;MEDIA_BAJA;ALTO;29.89;7
Organizaciones Deportivas Profesionales;30;30;1.0;478100;VENTA AL POR MENOR DE ALIMENTOS, BEBIDAS Y TABACO EN PUESTOS DE VENTA Y MERCADOS (INCLUYE FERIAS);3;0.1;0.034599;0.5;120.3833;8959;6;0.00067;0.000335;8953;Organizaciones Deportivas Profesionales regidas por Ley 20.019;0.6332;NO;ACTIVIDAD_COMPLEMENTARIA;MEDIA_BAJA;ALTO;29.06;8
Otras entidades facultadas para recibir moneda extranjera;19;19;1.0;641990;OTROS TIPOS DE INTERMEDIACION MONETARIA N.C.P.;10;0.526316;0.317075;0.051546;19.5958;1146;194;0.169284;0.008726;952;Otras Entidades Facultadas para Recibir Moneda Extranjera;1.0;NO;GATILLANTE_EMPIRICO_MEDIO;MEDIA_ALTA;MEDIO;35.04;1
Otras entidades facultadas para recibir moneda extranjera;19;19;1.0;620200;ACTIVIDADES DE CONSULTORIA DE INFORMATICA Y DE GESTION DE INSTALACIONES INFORMATICAS;7;0.368421;0.191493;0.109375;41.5798;36765;64;0.001741;0.00019;36701;Otras Entidades Facultadas para Recibir Moneda Extranjera;1.0;NO;GATILLANTE_EMPIRICO_MEDIO;MEDIA_ALTA;ALTO;30.26;2
Otras entidades facultadas para recibir moneda extranjera;19;19;1.0;643000;FONDOS Y SOCIEDADES DE INVERSION Y ENTIDADES FINANCIERAS SIMILARES;10;0.526316;0.317075;0.010753;4.0877;104494;930;0.0089;9.6e-05;103564;Otras Entidades Facultadas para Recibir Moneda Extranjera;1.0;NO;GATILLANTE_EMPIRICO_MEDIO;MEDIA_ALTA;ALTO;28.0;3
Otras entidades facultadas para recibir moneda extranjera;19;19;1.0;661903;EMPRESAS DE ASESORIA Y CONSULTORIA EN INVERSION FINANCIERA, SOCIEDADES DE APOYO AL GIRO;6;0.315789;0.153642;0.023166;8.8067;29964;259;0.008644;0.0002;29705;Otras Entidades Facultadas para Recibir Moneda Extranjera;1.0;NO;GATILLANTE_EMPIRICO_MEDIO;MEDIA_ALTA;ALTO;26.3;5
Otras entidades facultadas para recibir moneda extranjera;19;19;1.0;620100;ACTIVIDADES DE PROGRAMACION INFORMATICA;2;0.105263;0.029358;0.285714;108.6165;7838;7;0.000893;0.000255;7831;Otras Entidades Facultadas para Recibir Moneda Extranjera;1.0;NO;ACTIVIDAD_COMPLEMENTARIA;MEDIA_BAJA;ALTO;25.61;6
Otras entidades facultadas para recibir moneda extranjera;19;19;1.0;620900;OTRAS ACTIVIDADES DE TECNOLOGIA DE LA INFORMACION Y DE SERVICIOS INFORMATICOS;4;0.210526;0.085075;0.095238;36.2055;21160;42;0.001985;0.000189;21118;Otras Entidades Facultadas para Recibir Moneda Extranjera;1.0;NO;ACTIVIDAD_COMPLEMENTARIA;MEDIA_BAJA;ALTO;25.26;7
Personas que se Dediquen a la Compraventa de Equinos de Raza Pura;1;1;1.0;014200;CRIA DE CABALLOS Y OTROS EQUINOS;1;1.0;0.206543;1.0;7223.0;961;1;0.001041;0.001041;960;Personas que se Dediquen a la Compraventa de Equinos de Raza Pura;1.0;NO;EVIDENCIA_LIMITADA_POR_MUESTRA;BAJA_MUESTRA;ALTO;44.29;1
Personas que se Dediquen a la Compraventa de Equinos de Raza Pura;1;1;1.0;012502;CULTIVO DE OTROS FRUTOS Y NUECES DE ARBOLES Y ARBUSTOS;1;1.0;0.206543;0.25;1805.75;1943;4;0.002059;0.000515;1939;Personas que se Dediquen a la Compraventa de Equinos de Raza Pura;1.0;NO;EVIDENCIA_LIMITADA_POR_MUESTRA;BAJA_MUESTRA;ALTO;33.04;2
Personas que se Dediquen a la Compraventa de Equinos de Raza Pura;1;1;1.0;829900;OTRAS ACTIVIDADES DE SERVICIOS DE APOYO A LAS EMPRESAS N.C.P.;1;1.0;0.206543;0.001961;14.1627;91110;510;0.005598;1.1e-05;90600;Personas que se Dediquen a la Compraventa de Equinos de Raza Pura;1.0;NO;EVIDENCIA_LIMITADA_POR_MUESTRA;BAJA_MUESTRA;ALTO;29.32;3
Representaciones de Bancos Extranjeros;21;13;0.619048;661909;OTRAS ACTIVIDADES AUXILIARES DE LAS ACTIVIDADES DE SERVICIOS FINANCIEROS N.C.P.;7;0.538462;0.291434;0.02682;14.9016;3592;261;0.072661;0.001949;3331;Representaciones de Bancos Extranjeros;1.0;NO;GATILLANTE_EMPIRICO_MEDIO;MEDIA_ALTA;MEDIO;33.52;1
Representaciones de Bancos Extranjeros;21;13;0.619048;641990;OTROS TIPOS DE INTERMEDIACION MONETARIA N.C.P.;1;0.076923;0.01371;0.005155;2.864;1146;194;0.169284;0.000873;952;Representaciones de Bancos Extranjeros;1.0;SI;ACTIVIDAD_INCIDENTAL;BAJA;MEDIO;31.97;2
Representaciones de Bancos Extranjeros;21;13;0.619048;641910;ACTIVIDADES BANCARIAS;2;0.153846;0.043257;0.095238;52.9158;59;21;0.355932;0.033898;38;Representaciones de Bancos Extranjeros;1.0;NO;ACTIVIDAD_COMPLEMENTARIA;MEDIA_BAJA;BAJO;23.38;3
Sociedades administradoras de zonas francas;2;2;1.0;521009;OTROS SERVICIOS DE ALMACENAMIENTO Y DEPOSITO N.C.P.;2;1.0;0.342372;0.013245;47.8344;4893;151;0.03086;0.000409;4742;Sociedades Administradoras de Zonas Francas;1.0;NO;EVIDENCIA_LIMITADA_POR_MUESTRA;BAJA_MUESTRA;MEDIO;35.61;1
Sociedades administradoras de zonas francas;2;2;1.0;681011;ALQUILER DE BIENES INMUEBLES AMOBLADOS O CON EQUIPOS Y MAQUINARIAS;2;1.0;0.342372;0.002273;8.208;38784;880;0.02269;5.2e-05;37904;Sociedades Administradoras de Zonas Francas;1.0;NO;EVIDENCIA_LIMITADA_POR_MUESTRA;BAJA_MUESTRA;ALTO;33.96;2
Sociedades administradoras de zonas francas;2;2;1.0;681012;COMPRA, VENTA Y ALQUILER (EXCEPTO AMOBLADOS) DE INMUEBLES;2;1.0;0.342372;0.000809;2.9219;95390;2472;0.025915;2.1e-05;92918;Sociedades Administradoras de Zonas Francas;1.0;NO;EVIDENCIA_LIMITADA_POR_MUESTRA;BAJA_MUESTRA;ALTO;26.82;3
Sociedades administradoras de zonas francas;2;2;1.0;783000;OTRAS ACTIVIDADES DE DOTACION DE RECURSOS HUMANOS;1;0.5;0.094529;0.083333;300.9583;11634;12;0.001031;8.6e-05;11622;Sociedades Administradoras de Zonas Francas;1.0;NO;EVIDENCIA_LIMITADA_POR_MUESTRA;BAJA_MUESTRA;ALTO;25.5;4
Sociedades administradoras de zonas francas;2;2;1.0;522120;EXPLOTACION DE ESTACIONAMIENTOS DE VEHICULOS AUTOMOTORES Y PARQUIMETROS;1;0.5;0.094529;0.02439;88.0854;3866;41;0.010605;0.000259;3825;Sociedades Administradoras de Zonas Francas;1.0;NO;EVIDENCIA_LIMITADA_POR_MUESTRA;BAJA_MUESTRA;ALTO;24.62;5
Usuarios de zonas francas;2840;2324;0.81831;469000;VENTA AL POR MAYOR NO ESPECIALIZADA;1281;0.551205;0.530915;0.962434;2.9912;36831;1331;0.036138;0.03478;35500;Usuarios de Zonas Francas;1.0;NO;GATILLANTE_EMPIRICO_MEDIO;MEDIA_ALTA;MEDIO;49.87;1
Usuarios de zonas francas;2840;2324;0.81831;464100;VENTA AL POR MAYOR DE PRODUCTOS TEXTILES, PRENDAS DE VESTIR Y CALZADO;469;0.201807;0.185988;0.993644;3.0882;16599;472;0.028435;0.028255;16127;Usuarios de Zonas Francas;1.0;NO;ACTIVIDAD_COMPLEMENTARIA;MEDIA_BAJA;ALTO;35.02;2
Usuarios de zonas francas;2840;2324;0.81831;464902;VENTA AL POR MAYOR DE ARTICULOS ELECTRICOS Y ELECTRONICOS PARA EL HOGAR;363;0.156196;0.142005;0.98374;3.0575;10327;369;0.035732;0.035151;9958;Usuarios de Zonas Francas;1.0;NO;ACTIVIDAD_COMPLEMENTARIA;MEDIA_BAJA;MEDIO;32.83;3
Usuarios de zonas francas;2840;2324;0.81831;464909;VENTA AL POR MAYOR DE OTROS ENSERES DOMESTICOS N.C.P.;348;0.149742;0.135813;0.983051;3.0553;9864;354;0.035888;0.03528;9510;Usuarios de Zonas Francas;1.0;NO;ACTIVIDAD_COMPLEMENTARIA;MEDIA_BAJA;MEDIO;32.53;4
Usuarios de zonas francas;2840;2324;0.81831;453000;VENTA DE PARTES, PIEZAS Y ACCESORIOS PARA VEHICULOS AUTOMOTORES;458;0.197074;0.181407;0.665698;2.069;38910;688;0.017682;0.011771;38222;Usuarios de Zonas Francas;1.0;NO;ACTIVIDAD_COMPLEMENTARIA;MEDIA_BAJA;ALTO;27.5;5
Vehículos: Automotoras;20;20;1.0;451001;VENTA AL POR MAYOR DE VEHICULOS AUTOMOTORES;17;0.85;0.639577;0.039535;14.278;2144;430;0.20056;0.007929;1714;Vehículos: Automotoras;1.0;SI;GATILLANTE_EMPIRICO_ALTO;ALTA;BAJO;69.37;1
Vehículos: Automotoras;20;20;1.0;451002;VENTA AL POR MENOR DE VEHICULOS AUTOMOTORES NUEVOS O USADOS (INCLUYE COMPRAVENTA);14;0.7;0.481023;0.018349;6.6266;12130;763;0.062902;0.001154;11367;Vehículos: Automotoras;1.0;SI;GATILLANTE_EMPIRICO_ALTO;ALTA;MEDIO;58.87;2
Vehículos: Automotoras;20;20;1.0;453000;VENTA DE PARTES, PIEZAS Y ACCESORIOS PARA VEHICULOS AUTOMOTORES;16;0.8;0.583978;0.023256;8.3988;38910;688;0.017682;0.000411;38222;Vehículos: Automotoras;1.0;NO;GATILLANTE_EMPIRICO_ALTO;ALTA;ALTO;45.32;3
Vehículos: Automotoras;20;20;1.0;452002;MANTENIMIENTO Y REPARACION DE VEHICULOS AUTOMOTORES;13;0.65;0.432851;0.043624;15.7549;34376;298;0.008669;0.000378;34078;Vehículos: Automotoras;1.0;NO;GATILLANTE_EMPIRICO_ALTO;ALTA;ALTO;40.13;4
Vehículos: Automotoras;20;20;1.0;771000;ALQUILER DE VEHICULOS AUTOMOTORES SIN CHOFER;8;0.4;0.218804;0.02952;10.6613;24863;271;0.0109;0.000322;24592;Vehículos: Automotoras;1.0;NO;GATILLANTE_EMPIRICO_MEDIO;MEDIA_ALTA;ALTO;30.29;5
Vehículos: Comercializadoras de Vehículos Nuevos o Usados;538;525;0.975836;451002;VENTA AL POR MENOR DE VEHICULOS AUTOMOTORES NUEVOS O USADOS (INCLUYE COMPRAVENTA);474;0.902857;0.874521;0.621232;8.547;12130;763;0.062902;0.039077;11367;Vehículos: Comercializadoras de Vehículos Nuevos o Usados;1.0;SI;GATILLANTE_EMPIRICO_ALTO;ALTA;MEDIO;87.49;1
Vehículos: Comercializadoras de Vehículos Nuevos o Usados;538;525;0.975836;452002;MANTENIMIENTO Y REPARACION DE VEHICULOS AUTOMOTORES;199;0.379048;0.338567;0.667785;9.1875;34376;298;0.008669;0.005789;34078;Vehículos: Comercializadoras de Vehículos Nuevos o Usados;1.0;NO;GATILLANTE_EMPIRICO_MEDIO;MEDIA_ALTA;ALTO;44.61;2
Vehículos: Comercializadoras de Vehículos Nuevos o Usados;538;525;0.975836;451001;VENTA AL POR MAYOR DE VEHICULOS AUTOMOTORES;80;0.152381;0.124171;0.186047;2.5596;2144;430;0.20056;0.037313;1714;Vehículos: Comercializadoras de Vehículos Nuevos o Usados;1.0;SI;GATILLANTE_NORMATIVO_CON_RESPALDO;MEDIA;BAJO;38.97;3
Vehículos: Comercializadoras de Vehículos Nuevos o Usados;538;525;0.975836;479903;VENTA AL POR MENOR POR COMISIONISTAS (NO DEPENDIENTES DE COMERCIOS);59;0.112381;0.088131;0.842857;11.5961;3152;70;0.022208;0.018718;3082;Vehículos: Comercializadoras de Vehículos Nuevos o Usados;1.0;NO;ACTIVIDAD_COMPLEMENTARIA;MEDIA_BAJA;ALTO;36.61;4
Vehículos: Comercializadoras de Vehículos Nuevos o Usados;538;525;0.975836;771000;ALQUILER DE VEHICULOS AUTOMOTORES SIN CHOFER;144;0.274286;0.237864;0.531365;7.3106;24863;271;0.0109;0.005792;24592;Vehículos: Comercializadoras de Vehículos Nuevos o Usados;1.0;NO;ACTIVIDAD_COMPLEMENTARIA;MEDIA_BAJA;ALTO;36.34;5
Vehículos: Comercializadoras de Vehículos Nuevos o Usados;538;525;0.975836;452001;SERVICIO DE LAVADO DE VEHICULOS AUTOMOTORES;50;0.095238;0.072987;0.806452;11.0952;9810;62;0.00632;0.005097;9748;Vehículos: Comercializadoras de Vehículos Nuevos o Usados;1.0;NO;ACTIVIDAD_INCIDENTAL;BAJA;ALTO;35.38;6
Vehículos: Comercializadoras de Vehículos Nuevos o Usados;538;525;0.975836;453000;VENTA DE PARTES, PIEZAS Y ACCESORIOS PARA VEHICULOS AUTOMOTORES;198;0.377143;0.336717;0.287791;3.9595;38910;688;0.017682;0.005089;38222;Vehículos: Comercializadoras de Vehículos Nuevos o Usados;1.0;NO;GATILLANTE_EMPIRICO_MEDIO;MEDIA_ALTA;ALTO;32.82;10
Vehículos: Empresas de Arriendo de Vehículos;48;48;1.0;771000;ALQUILER DE VEHICULOS AUTOMOTORES SIN CHOFER;43;0.895833;0.778323;0.158672;23.8768;24863;271;0.0109;0.001729;24592;Vehículos: Empresas de Arriendo de Vehículos;1.0;SI;GATILLANTE_EMPIRICO_ALTO;ALTA;ALTO;77.4;1
Vehículos: Empresas de Arriendo de Vehículos;48;48;1.0;492290;OTRAS ACTIVIDADES DE TRANSPORTE DE PASAJEROS POR VIA TERRESTRE N.C.P.;8;0.166667;0.086954;0.347826;52.3406;18327;23;0.001255;0.000437;18304;Vehículos: Empresas de Arriendo de Vehículos;1.0;NO;ACTIVIDAD_COMPLEMENTARIA;MEDIA_BAJA;ALTO;29.13;2
Vehículos: Empresas de Arriendo de Vehículos;48;48;1.0;451002;VENTA AL POR MENOR DE VEHICULOS AUTOMOTORES NUEVOS O USADOS (INCLUYE COMPRAVENTA);22;0.458333;0.32575;0.028834;4.3388;12130;763;0.062902;0.001814;11367;Vehículos: Empresas de Arriendo de Vehículos;1.0;NO;GATILLANTE_EMPIRICO_MEDIO;MEDIA_ALTA;MEDIO;29.06;3
Vehículos: Empresas de Arriendo de Vehículos;48;48;1.0;452002;MANTENIMIENTO Y REPARACION DE VEHICULOS AUTOMOTORES;16;0.333333;0.216766;0.053691;8.0794;34376;298;0.008669;0.000465;34078;Vehículos: Empresas de Arriendo de Vehículos;1.0;NO;GATILLANTE_EMPIRICO_MEDIO;MEDIA_ALTA;ALTO;28.96;4
Vehículos: Empresas de Arriendo de Vehículos;48;48;1.0;522190;ACTIVIDADES DE SERVICIOS VINCULADAS AL TRANSPORTE TERRESTRE N.C.P.;8;0.166667;0.086954;0.098765;14.8621;22862;81;0.003543;0.00035;22781;Vehículos: Empresas de Arriendo de Vehículos;1.0;NO;ACTIVIDAD_COMPLEMENTARIA;MEDIA_BAJA;ALTO;25.39;6
Vehículos: Empresas de Arriendo de Vehículos;48;48;1.0;773009;ALQUILER DE OTROS TIPOS DE MAQUINARIAS Y EQUIPOS SIN OPERARIO N.C.P.;8;0.166667;0.086954;0.093023;13.9981;27937;86;0.003078;0.000286;27851;Vehículos: Empresas de Arriendo de Vehículos;1.0;NO;ACTIVIDAD_COMPLEMENTARIA;MEDIA_BAJA;ALTO;25.31;7
